ESG_ID,Farm_ID,Production_ID,Carbon_Reduction_kgCO2,Water_Saving_m3,ESG_Score,Sustainability_Index
ESG-00001,FM038,P00001,724.76,497.72,98,0.9
ESG-00002,FM080,P00002,1202.46,444.92,72,0.69
ESG-00003,FM064,P00003,118.77,39.75,98,0.96
ESG-00004,FM034,P00004,1582.84,297.7,92,0.88
ESG-00005,FM050,P00005,1167.79,439.28,87,0.87
ESG-00006,FM051,P00006,360.12,253.58,83,0.81
ESG-00007,FM097,P00007,535.96,347.75,70,0.68
ESG-00008,FM095,P00008,471.82,243.51,92,0.84
ESG-00009,FM067,P00009,581.35,212.42,94,0.85
ESG-00010,FM041,P00010,157.62,39.4,82,0.81
ESG-00011,FM063,P00011,1032.26,317.37,93,0.91
ESG-00012,FM001,P00012,558.36,131.1,97,0.89
ESG-00013,FM095,P00013,1606.97,480.06,87,0.86
ESG-00014,FM021,P00014,300.68,100.33,82,0.74
ESG-00015,FM078,P00015,963.64,467.43,96,0.9
ESG-00016,FM005,P00016,724.97,288.56,83,0.8
ESG-00017,FM070,P00017,774.48,205.44,71,0.68
ESG-00018,FM034,P00018,1106.11,298.23,85,0.85
ESG-00019,FM078,P00019,779.41,398.56,88,0.83
ESG-00020,FM045,P00020,982.44,242.78,92,0.83
ESG-00021,FM028,P00021,204.33,96.85,93,0.9
ESG-00022,FM003,P00022,908.43,351.34,74,0.68
ESG-00023,FM067,P00023,66.97,25.14,79,0.77
ESG-00024,FM091,P00024,950.05,419.4,72,0.7
ESG-00025,FM086,P00025,686.67,234.3,83,0.78
ESG-00026,FM065,P00026,860.64,304.82,96,0.96
ESG-00027,FM053,P00027,181.69,63.46,86,0.84
ESG-00028,FM041,P00028,65.85,45.34,79,0.73
ESG-00029,FM069,P00029,427.6,142.8,98,0.91
ESG-00030,FM024,P00030,1385.99,550.57,72,0.66
ESG-00031,FM055,P00031,425.32,93.0,73,0.68
ESG-00032,FM066,P00032,99.97,31.46,70,0.65
ESG-00033,FM076,P00033,1097.88,234.18,91,0.9
ESG-00034,FM013,P00034,567.44,129.84,73,0.72
ESG-00035,FM034,P00035,589.12,219.67,86,0.79
ESG-00036,FM015,P00036,578.51,114.62,71,0.65
ESG-00037,FM071,P00037,1407.47,478.82,83,0.8
ESG-00038,FM070,P00038,394.37,220.42,76,0.74
ESG-00039,FM096,P00039,707.66,130.79,81,0.74
ESG-00040,FM065,P00040,241.7,43.36,82,0.76
ESG-00041,FM045,P00041,259.76,154.1,72,0.69
ESG-00042,FM081,P00042,765.29,467.08,90,0.83
ESG-00043,FM005,P00043,1228.94,323.3,72,0.68
ESG-00044,FM033,P00044,1088.97,504.04,82,0.77
ESG-00045,FM075,P00045,878.68,211.36,80,0.76
ESG-00046,FM030,P00046,1380.53,487.02,71,0.65
ESG-00047,FM042,P00047,308.7,109.94,83,0.8
ESG-00048,FM034,P00048,681.2,336.26,70,0.64
ESG-00049,FM071,P00049,1403.23,357.64,81,0.79
ESG-00050,FM043,P00050,242.55,80.22,87,0.87
ESG-00051,FM044,P00051,1175.68,315.96,96,0.9
ESG-00052,FM096,P00052,464.65,126.56,84,0.77
ESG-00053,FM053,P00053,368.9,122.11,76,0.73
ESG-00054,FM078,P00054,1009.49,204.07,72,0.68
ESG-00055,FM073,P00055,851.4,392.21,76,0.71
ESG-00056,FM015,P00056,795.22,192.86,98,0.98
ESG-00057,FM077,P00057,424.49,193.28,76,0.73
ESG-00058,FM067,P00058,321.78,107.75,73,0.71
ESG-00059,FM019,P00059,1481.43,259.78,95,0.93
ESG-00060,FM063,P00060,1581.31,428.74,93,0.91
ESG-00061,FM033,P00061,822.59,282.21,96,0.93
ESG-00062,FM051,P00062,1196.42,202.38,91,0.89
ESG-00063,FM029,P00063,1339.07,304.05,82,0.75
ESG-00064,FM064,P00064,901.29,483.8,78,0.78
ESG-00065,FM077,P00065,906.61,444.36,98,0.93
ESG-00066,FM078,P00066,820.06,164.74,95,0.89
ESG-00067,FM063,P00067,730.67,248.76,71,0.69
ESG-00068,FM071,P00068,853.23,196.02,79,0.79
ESG-00069,FM052,P00069,887.42,489.15,83,0.8
ESG-00070,FM085,P00070,249.27,134.68,83,0.77
ESG-00071,FM014,P00071,140.23,42.18,88,0.79
ESG-00072,FM027,P00072,224.58,88.3,83,0.8
ESG-00073,FM028,P00073,1563.16,458.21,93,0.91
ESG-00074,FM069,P00074,188.6,29.93,80,0.73
ESG-00075,FM020,P00075,106.0,48.79,93,0.86
ESG-00076,FM026,P00076,136.25,72.17,82,0.81
ESG-00077,FM079,P00077,891.08,185.98,95,0.86
ESG-00078,FM058,P00078,452.81,88.91,91,0.85
ESG-00079,FM060,P00079,224.48,76.51,95,0.93
ESG-00080,FM029,P00080,711.8,283.54,91,0.91
ESG-00081,FM037,P00081,713.06,136.97,84,0.83
ESG-00082,FM051,P00082,533.71,167.97,98,0.96
ESG-00083,FM008,P00083,1093.71,361.94,87,0.87
ESG-00084,FM097,P00084,863.77,204.26,75,0.71
ESG-00085,FM051,P00085,964.22,409.22,74,0.74
ESG-00086,FM040,P00086,249.21,81.44,98,0.97
ESG-00087,FM088,P00087,1349.69,497.07,80,0.75
ESG-00088,FM005,P00088,37.5,23.67,98,0.97
ESG-00089,FM083,P00089,506.43,312.45,94,0.85
ESG-00090,FM080,P00090,904.73,397.37,70,0.7
ESG-00091,FM026,P00091,568.13,193.29,81,0.74
ESG-00092,FM089,P00092,1246.96,364.09,83,0.81
ESG-00093,FM098,P00093,241.13,134.29,91,0.89
ESG-00094,FM040,P00094,371.13,141.87,77,0.74
ESG-00095,FM038,P00095,880.24,373.88,83,0.8
ESG-00096,FM046,P00096,451.09,268.35,90,0.86
ESG-00097,FM043,P00097,282.08,114.0,98,0.91
ESG-00098,FM064,P00098,557.24,240.55,84,0.81
ESG-00099,FM013,P00099,155.12,31.43,78,0.77
ESG-00100,FM054,P00100,1453.55,426.26,92,0.91
ESG-00101,FM033,P00101,943.95,315.35,76,0.71
ESG-00102,FM078,P00102,453.17,234.77,80,0.73
ESG-00103,FM070,P00103,918.44,203.33,88,0.87
ESG-00104,FM036,P00104,216.16,87.27,93,0.87
ESG-00105,FM090,P00105,934.04,181.33,71,0.66
ESG-00106,FM100,P00106,90.25,43.17,75,0.75
ESG-00107,FM099,P00107,254.19,95.03,90,0.82
ESG-00108,FM045,P00108,210.86,74.21,93,0.91
ESG-00109,FM013,P00109,127.77,41.69,93,0.89
ESG-00110,FM047,P00110,661.63,385.58,93,0.85
ESG-00111,FM015,P00111,1048.98,422.71,76,0.75
ESG-00112,FM007,P00112,664.37,219.43,98,0.97
ESG-00113,FM092,P00113,211.91,70.58,91,0.87
ESG-00114,FM034,P00114,41.76,25.77,87,0.85
ESG-00115,FM002,P00115,140.65,78.44,92,0.88
ESG-00116,FM065,P00116,634.44,175.98,81,0.73
ESG-00117,FM010,P00117,1138.11,419.21,86,0.84
ESG-00118,FM033,P00118,150.41,42.82,95,0.93
ESG-00119,FM001,P00119,31.72,14.98,93,0.89
ESG-00120,FM073,P00120,563.89,202.55,76,0.75
ESG-00121,FM091,P00121,611.84,205.32,96,0.96
ESG-00122,FM025,P00122,1362.55,270.21,95,0.93
ESG-00123,FM086,P00123,1055.18,305.61,74,0.71
ESG-00124,FM091,P00124,475.9,188.4,75,0.68
ESG-00125,FM065,P00125,99.35,18.04,95,0.87
ESG-00126,FM060,P00126,165.94,55.53,76,0.69
ESG-00127,FM056,P00127,298.47,112.17,92,0.91
ESG-00128,FM090,P00128,975.66,195.19,82,0.75
ESG-00129,FM074,P00129,429.43,108.39,96,0.88
ESG-00130,FM011,P00130,564.27,190.13,86,0.82
ESG-00131,FM048,P00131,733.45,260.08,83,0.75
ESG-00132,FM022,P00132,569.49,206.11,73,0.73
ESG-00133,FM015,P00133,833.9,205.39,81,0.74
ESG-00134,FM023,P00134,312.1,87.87,76,0.69
ESG-00135,FM007,P00135,715.12,307.34,98,0.98
ESG-00136,FM014,P00136,1063.76,374.78,89,0.83
ESG-00137,FM061,P00137,1042.04,258.05,77,0.72
ESG-00138,FM065,P00138,227.77,131.12,71,0.68
ESG-00139,FM045,P00139,241.24,87.07,94,0.87
ESG-00140,FM074,P00140,1596.38,469.98,77,0.7
ESG-00141,FM012,P00141,1208.26,244.58,84,0.76
ESG-00142,FM021,P00142,361.11,241.84,78,0.72
ESG-00143,FM059,P00143,345.08,97.35,82,0.75
ESG-00144,FM012,P00144,758.27,270.88,82,0.78
ESG-00145,FM100,P00145,535.6,264.87,78,0.78
ESG-00146,FM018,P00146,127.03,45.37,80,0.75
ESG-00147,FM061,P00147,602.13,264.39,83,0.75
ESG-00148,FM100,P00148,1312.06,216.97,81,0.75
ESG-00149,FM039,P00149,374.73,94.1,71,0.66
ESG-00150,FM013,P00150,478.98,205.36,86,0.78
ESG-00151,FM031,P00151,884.94,423.8,92,0.86
ESG-00152,FM061,P00152,648.71,180.74,73,0.68
ESG-00153,FM003,P00153,1005.99,311.07,77,0.75
ESG-00154,FM073,P00154,414.33,72.47,78,0.76
ESG-00155,FM079,P00155,1044.24,501.0,84,0.77
ESG-00156,FM076,P00156,517.79,177.82,83,0.75
ESG-00157,FM096,P00157,539.33,238.46,94,0.88
ESG-00158,FM011,P00158,850.56,322.38,70,0.67
ESG-00159,FM038,P00159,1580.23,370.59,88,0.83
ESG-00160,FM064,P00160,395.22,171.19,77,0.69
ESG-00161,FM034,P00161,153.11,65.81,73,0.71
ESG-00162,FM020,P00162,778.82,371.11,72,0.69
ESG-00163,FM084,P00163,1440.3,480.04,75,0.73
ESG-00164,FM088,P00164,721.87,186.48,76,0.74
ESG-00165,FM018,P00165,182.94,71.64,84,0.83
ESG-00166,FM021,P00166,82.7,30.19,89,0.81
ESG-00167,FM100,P00167,715.94,381.27,98,0.91
ESG-00168,FM052,P00168,681.28,178.13,77,0.7
ESG-00169,FM052,P00169,267.68,115.05,76,0.73
ESG-00170,FM005,P00170,920.7,251.89,88,0.84
ESG-00171,FM086,P00171,1325.16,360.79,76,0.71
ESG-00172,FM038,P00172,233.02,80.82,83,0.82
ESG-00173,FM050,P00173,413.78,205.47,92,0.91
ESG-00174,FM021,P00174,465.16,310.36,91,0.85
ESG-00175,FM056,P00175,179.35,85.5,93,0.93
ESG-00176,FM013,P00176,348.14,260.63,73,0.71
ESG-00177,FM008,P00177,529.66,349.35,90,0.87
ESG-00178,FM071,P00178,1019.83,556.49,72,0.66
ESG-00179,FM034,P00179,619.42,246.96,83,0.82
ESG-00180,FM060,P00180,739.37,175.68,97,0.9
ESG-00181,FM029,P00181,1061.07,203.96,75,0.73
ESG-00182,FM097,P00182,1205.21,358.91,77,0.77
ESG-00183,FM007,P00183,615.96,112.19,97,0.9
ESG-00184,FM041,P00184,68.65,27.24,78,0.75
ESG-00185,FM030,P00185,206.44,78.84,98,0.96
ESG-00186,FM018,P00186,882.85,286.51,80,0.73
ESG-00187,FM018,P00187,627.63,166.99,90,0.85
ESG-00188,FM095,P00188,482.88,169.18,98,0.98
ESG-00189,FM054,P00189,747.93,202.12,92,0.84
ESG-00190,FM099,P00190,1110.56,407.12,78,0.76
ESG-00191,FM003,P00191,967.52,300.59,86,0.85
ESG-00192,FM043,P00192,1228.79,367.87,97,0.9
ESG-00193,FM077,P00193,725.28,341.86,72,0.69
ESG-00194,FM091,P00194,752.37,285.97,79,0.78
ESG-00195,FM071,P00195,1105.93,339.34,81,0.81
ESG-00196,FM006,P00196,264.05,127.32,82,0.81
ESG-00197,FM044,P00197,302.56,117.51,76,0.71
ESG-00198,FM034,P00198,571.12,153.02,85,0.82
ESG-00199,FM038,P00199,720.39,417.98,81,0.8
ESG-00200,FM095,P00200,1032.76,374.37,93,0.85
ESG-00201,FM014,P00201,1077.18,315.73,97,0.93
ESG-00202,FM086,P00202,721.36,343.59,86,0.8
ESG-00203,FM032,P00203,786.49,364.84,97,0.88
ESG-00204,FM090,P00204,1028.67,403.63,79,0.78
ESG-00205,FM100,P00205,540.89,118.26,96,0.91
ESG-00206,FM082,P00206,875.68,536.74,91,0.9
ESG-00207,FM038,P00207,639.78,169.43,73,0.72
ESG-00208,FM091,P00208,276.93,187.95,90,0.87
ESG-00209,FM072,P00209,1602.21,298.22,75,0.73
ESG-00210,FM068,P00210,495.54,169.98,88,0.86
ESG-00211,FM027,P00211,487.89,371.58,95,0.9
ESG-00212,FM012,P00212,238.87,72.15,84,0.81
ESG-00213,FM064,P00213,1576.87,373.43,90,0.82
ESG-00214,FM026,P00214,476.51,260.13,72,0.68
ESG-00215,FM090,P00215,154.8,56.72,93,0.86
ESG-00216,FM011,P00216,1232.88,358.79,87,0.83
ESG-00217,FM074,P00217,1012.66,269.24,92,0.89
ESG-00218,FM088,P00218,69.1,22.81,98,0.97
ESG-00219,FM009,P00219,524.13,99.54,97,0.89
ESG-00220,FM062,P00220,1446.28,464.05,85,0.79
ESG-00221,FM068,P00221,1188.9,342.01,71,0.68
ESG-00222,FM045,P00222,39.38,15.41,93,0.84
ESG-00223,FM037,P00223,236.42,78.37,96,0.94
ESG-00224,FM080,P00224,391.05,238.18,82,0.8
ESG-00225,FM063,P00225,159.89,57.57,80,0.79
ESG-00226,FM035,P00226,374.74,84.84,86,0.83
ESG-00227,FM050,P00227,270.48,85.0,72,0.69
ESG-00228,FM059,P00228,893.0,412.08,78,0.72
ESG-00229,FM013,P00229,843.28,361.74,87,0.82
ESG-00230,FM017,P00230,218.47,66.48,91,0.86
ESG-00231,FM034,P00231,611.52,222.86,92,0.9
ESG-00232,FM003,P00232,422.55,198.23,88,0.87
ESG-00233,FM023,P00233,1014.28,366.21,90,0.82
ESG-00234,FM023,P00234,776.51,285.75,91,0.9
ESG-00235,FM023,P00235,822.31,221.12,94,0.89
ESG-00236,FM009,P00236,65.22,23.47,94,0.89
ESG-00237,FM030,P00237,269.8,98.92,95,0.93
ESG-00238,FM072,P00238,370.62,94.33,71,0.69
ESG-00239,FM046,P00239,915.48,214.01,93,0.9
ESG-00240,FM023,P00240,1201.79,342.21,75,0.72
ESG-00241,FM031,P00241,1251.73,464.26,80,0.79
ESG-00242,FM073,P00242,620.0,257.69,83,0.76
ESG-00243,FM046,P00243,924.59,217.31,70,0.66
ESG-00244,FM011,P00244,48.94,13.02,87,0.86
ESG-00245,FM071,P00245,431.9,114.78,77,0.72
ESG-00246,FM079,P00246,1100.39,485.59,71,0.65
ESG-00247,FM026,P00247,278.4,104.92,73,0.73
ESG-00248,FM097,P00248,235.53,95.15,92,0.84
ESG-00249,FM003,P00249,1033.5,283.34,78,0.71
ESG-00250,FM092,P00250,327.68,125.41,85,0.83
ESG-00251,FM069,P00251,542.84,261.52,81,0.74
ESG-00252,FM061,P00252,588.59,151.16,78,0.71
ESG-00253,FM097,P00253,273.1,44.04,75,0.68
ESG-00254,FM048,P00254,179.2,86.15,72,0.67
ESG-00255,FM026,P00255,521.02,201.34,94,0.86
ESG-00256,FM039,P00256,1132.22,260.01,98,0.92
ESG-00257,FM069,P00257,333.22,93.05,87,0.79
ESG-00258,FM042,P00258,1297.8,252.48,80,0.75
ESG-00259,FM020,P00259,74.12,34.63,78,0.72
ESG-00260,FM098,P00260,957.14,221.66,91,0.84
ESG-00261,FM056,P00261,763.49,339.53,83,0.82
ESG-00262,FM097,P00262,1119.89,261.08,81,0.81
ESG-00263,FM010,P00263,406.23,60.51,80,0.73
ESG-00264,FM091,P00264,676.25,131.31,71,0.69
ESG-00265,FM093,P00265,76.0,14.06,71,0.67
ESG-00266,FM018,P00266,560.65,229.32,93,0.89
ESG-00267,FM087,P00267,740.52,230.66,94,0.87
ESG-00268,FM095,P00268,124.35,61.38,81,0.81
ESG-00269,FM098,P00269,1062.98,279.99,81,0.8
ESG-00270,FM040,P00270,628.1,237.84,91,0.82
ESG-00271,FM036,P00271,131.54,41.02,76,0.72
ESG-00272,FM013,P00272,840.02,297.19,77,0.76
ESG-00273,FM023,P00273,405.57,176.9,70,0.66
ESG-00274,FM075,P00274,1488.5,509.79,81,0.75
ESG-00275,FM015,P00275,764.79,259.34,96,0.92
ESG-00276,FM061,P00276,874.78,408.63,80,0.78
ESG-00277,FM045,P00277,881.41,219.63,82,0.82
ESG-00278,FM070,P00278,677.58,413.66,95,0.95
ESG-00279,FM091,P00279,428.94,251.66,98,0.94
ESG-00280,FM025,P00280,313.63,88.48,72,0.65
ESG-00281,FM073,P00281,983.68,311.51,94,0.93
ESG-00282,FM037,P00282,905.79,204.79,96,0.95
ESG-00283,FM002,P00283,400.78,125.44,75,0.74
ESG-00284,FM022,P00284,151.27,50.85,70,0.68
ESG-00285,FM071,P00285,1102.47,186.06,92,0.86
ESG-00286,FM056,P00286,1070.89,364.01,82,0.79
ESG-00287,FM015,P00287,119.17,40.66,78,0.74
ESG-00288,FM028,P00288,378.61,137.69,92,0.87
ESG-00289,FM088,P00289,314.44,89.98,84,0.82
ESG-00290,FM045,P00290,436.35,140.84,76,0.71
ESG-00291,FM087,P00291,216.03,71.84,74,0.74
ESG-00292,FM088,P00292,747.87,395.61,86,0.83
ESG-00293,FM015,P00293,1432.67,268.64,79,0.77
ESG-00294,FM089,P00294,1338.45,460.15,79,0.76
ESG-00295,FM056,P00295,987.33,435.89,94,0.85
ESG-00296,FM066,P00296,488.85,118.14,98,0.89
ESG-00297,FM083,P00297,1335.46,413.16,90,0.88
ESG-00298,FM047,P00298,122.12,46.79,74,0.69
ESG-00299,FM013,P00299,1199.53,367.44,75,0.75
ESG-00300,FM081,P00300,938.92,324.92,70,0.67
ESG-00301,FM070,P00301,286.45,49.67,82,0.77
ESG-00302,FM038,P00302,366.58,215.99,90,0.82
ESG-00303,FM068,P00303,937.04,269.78,75,0.73
ESG-00304,FM005,P00304,189.86,68.15,94,0.88
ESG-00305,FM076,P00305,107.89,27.28,80,0.78
ESG-00306,FM062,P00306,416.97,206.61,82,0.8
ESG-00307,FM024,P00307,563.43,278.39,95,0.89
ESG-00308,FM056,P00308,1028.91,524.18,74,0.72
ESG-00309,FM021,P00309,1136.1,472.39,91,0.86
ESG-00310,FM085,P00310,238.99,89.12,70,0.69
ESG-00311,FM088,P00311,388.25,294.38,95,0.92
ESG-00312,FM092,P00312,711.91,197.49,89,0.8
ESG-00313,FM046,P00313,220.0,101.77,73,0.67
ESG-00314,FM006,P00314,523.07,189.26,84,0.83
ESG-00315,FM001,P00315,1170.28,406.15,86,0.82
ESG-00316,FM006,P00316,806.2,238.51,91,0.85
ESG-00317,FM071,P00317,410.56,166.13,98,0.94
ESG-00318,FM045,P00318,53.0,23.05,86,0.78
ESG-00319,FM074,P00319,409.33,125.92,82,0.77
ESG-00320,FM092,P00320,162.15,60.38,92,0.84
ESG-00321,FM022,P00321,644.28,287.59,93,0.91
ESG-00322,FM057,P00322,1124.93,278.11,77,0.74
ESG-00323,FM098,P00323,86.46,30.17,89,0.82
ESG-00324,FM093,P00324,148.96,40.28,81,0.8
ESG-00325,FM056,P00325,225.59,83.95,81,0.8
ESG-00326,FM019,P00326,818.29,263.55,80,0.76
ESG-00327,FM076,P00327,1168.27,525.21,82,0.79
ESG-00328,FM084,P00328,1507.03,223.51,78,0.75
ESG-00329,FM067,P00329,260.76,97.39,74,0.73
ESG-00330,FM052,P00330,1163.84,291.59,73,0.7
ESG-00331,FM036,P00331,675.14,362.4,86,0.85
ESG-00332,FM086,P00332,820.38,446.6,71,0.66
ESG-00333,FM071,P00333,784.36,413.26,75,0.74
ESG-00334,FM027,P00334,562.64,198.39,80,0.78
ESG-00335,FM019,P00335,661.78,270.12,96,0.88
ESG-00336,FM087,P00336,955.47,224.04,93,0.86
ESG-00337,FM080,P00337,439.61,273.7,79,0.74
ESG-00338,FM077,P00338,935.46,386.45,72,0.7
ESG-00339,FM057,P00339,1292.9,284.24,93,0.85
ESG-00340,FM054,P00340,258.15,87.98,84,0.83
ESG-00341,FM012,P00341,355.0,117.44,78,0.74
ESG-00342,FM015,P00342,501.62,136.16,90,0.89
ESG-00343,FM012,P00343,572.94,353.55,70,0.68
ESG-00344,FM072,P00344,160.98,53.52,90,0.86
ESG-00345,FM046,P00345,444.02,195.15,90,0.85
ESG-00346,FM063,P00346,280.27,143.22,91,0.82
ESG-00347,FM099,P00347,878.42,279.36,98,0.93
ESG-00348,FM064,P00348,148.27,45.84,88,0.86
ESG-00349,FM023,P00349,177.52,107.85,95,0.9
ESG-00350,FM040,P00350,708.66,284.78,89,0.84
ESG-00351,FM039,P00351,734.35,316.5,73,0.7
ESG-00352,FM026,P00352,387.5,121.51,80,0.78
ESG-00353,FM069,P00353,946.96,528.05,70,0.69
ESG-00354,FM025,P00354,891.41,236.15,89,0.84
ESG-00355,FM047,P00355,1397.23,555.53,84,0.76
ESG-00356,FM081,P00356,885.54,433.54,96,0.89
ESG-00357,FM003,P00357,961.52,484.51,72,0.69
ESG-00358,FM053,P00358,569.48,209.07,94,0.86
ESG-00359,FM097,P00359,944.13,361.9,98,0.94
ESG-00360,FM077,P00360,286.94,121.78,94,0.89
ESG-00361,FM037,P00361,1011.86,441.95,96,0.96
ESG-00362,FM092,P00362,907.52,205.43,95,0.92
ESG-00363,FM056,P00363,715.68,183.55,72,0.66
ESG-00364,FM019,P00364,844.14,362.31,90,0.88
ESG-00365,FM073,P00365,232.79,97.82,79,0.72
ESG-00366,FM090,P00366,589.99,123.19,84,0.81
ESG-00367,FM085,P00367,167.28,93.01,93,0.91
ESG-00368,FM090,P00368,970.12,212.87,89,0.88
ESG-00369,FM065,P00369,149.64,75.77,89,0.88
ESG-00370,FM043,P00370,257.05,49.36,96,0.89
ESG-00371,FM066,P00371,639.27,281.01,78,0.71
ESG-00372,FM080,P00372,1144.48,221.1,77,0.76
ESG-00373,FM046,P00373,206.77,125.24,86,0.85
ESG-00374,FM023,P00374,434.15,84.69,79,0.73
ESG-00375,FM055,P00375,571.14,182.98,90,0.85
ESG-00376,FM085,P00376,251.08,81.01,86,0.8
ESG-00377,FM054,P00377,1284.73,357.56,79,0.75
ESG-00378,FM002,P00378,577.14,185.18,80,0.74
ESG-00379,FM056,P00379,1258.83,262.36,91,0.91
ESG-00380,FM019,P00380,902.27,347.26,79,0.74
ESG-00381,FM059,P00381,502.97,93.44,94,0.87
ESG-00382,FM012,P00382,439.42,220.88,81,0.76
ESG-00383,FM044,P00383,126.19,26.6,86,0.81
ESG-00384,FM034,P00384,224.71,141.41,88,0.84
ESG-00385,FM044,P00385,1160.5,354.76,71,0.64
ESG-00386,FM079,P00386,208.7,93.36,73,0.67
ESG-00387,FM038,P00387,1345.47,560.41,72,0.67
ESG-00388,FM063,P00388,348.91,109.57,87,0.82
ESG-00389,FM037,P00389,712.71,301.04,97,0.94
ESG-00390,FM023,P00390,1136.12,397.72,84,0.82
ESG-00391,FM075,P00391,216.15,41.79,95,0.91
ESG-00392,FM020,P00392,281.24,66.04,96,0.93
ESG-00393,FM069,P00393,543.78,107.69,84,0.8
ESG-00394,FM072,P00394,671.58,213.24,86,0.8
ESG-00395,FM057,P00395,1354.87,252.42,83,0.78
ESG-00396,FM055,P00396,289.17,115.33,82,0.81
ESG-00397,FM003,P00397,1027.39,432.94,93,0.92
ESG-00398,FM049,P00398,1220.69,243.36,78,0.74
ESG-00399,FM055,P00399,1193.29,379.3,71,0.7
ESG-00400,FM076,P00400,687.49,370.17,90,0.82
ESG-00401,FM078,P00401,915.84,482.31,90,0.86
ESG-00402,FM085,P00402,745.55,279.25,98,0.95
ESG-00403,FM077,P00403,203.0,68.39,77,0.71
ESG-00404,FM010,P00404,838.95,304.86,85,0.82
ESG-00405,FM046,P00405,851.88,493.27,81,0.78
ESG-00406,FM089,P00406,591.97,194.35,87,0.81
ESG-00407,FM055,P00407,1360.26,420.3,80,0.78
ESG-00408,FM024,P00408,784.88,254.54,76,0.72
ESG-00409,FM010,P00409,123.15,75.6,83,0.79
ESG-00410,FM099,P00410,422.94,291.7,87,0.81
ESG-00411,FM066,P00411,592.64,303.58,84,0.76
ESG-00412,FM051,P00412,1378.84,371.74,84,0.8
ESG-00413,FM034,P00413,812.44,279.03,77,0.71
ESG-00414,FM066,P00414,323.26,77.6,84,0.79
ESG-00415,FM024,P00415,712.23,125.47,84,0.77
ESG-00416,FM032,P00416,223.78,48.06,72,0.66
ESG-00417,FM033,P00417,735.33,383.84,90,0.84
ESG-00418,FM080,P00418,645.17,318.48,98,0.97
ESG-00419,FM079,P00419,265.21,129.9,72,0.71
ESG-00420,FM049,P00420,998.58,182.9,74,0.72
ESG-00421,FM018,P00421,80.81,46.84,77,0.75
ESG-00422,FM073,P00422,381.77,124.7,76,0.72
ESG-00423,FM065,P00423,52.33,12.9,78,0.73
ESG-00424,FM046,P00424,364.92,97.06,96,0.92
ESG-00425,FM029,P00425,407.28,127.7,83,0.78
ESG-00426,FM075,P00426,845.06,252.39,74,0.7
ESG-00427,FM034,P00427,288.26,79.08,87,0.83
ESG-00428,FM009,P00428,881.39,473.85,84,0.77
ESG-00429,FM063,P00429,631.63,211.74,72,0.7
ESG-00430,FM001,P00430,486.64,370.33,80,0.74
ESG-00431,FM010,P00431,1250.36,363.18,86,0.85
ESG-00432,FM049,P00432,802.87,318.29,87,0.81
ESG-00433,FM005,P00433,580.93,277.23,90,0.83
ESG-00434,FM091,P00434,561.0,163.88,89,0.87
ESG-00435,FM013,P00435,1473.85,300.65,88,0.88
ESG-00436,FM050,P00436,105.54,49.66,97,0.97
ESG-00437,FM041,P00437,749.41,389.67,96,0.86
ESG-00438,FM079,P00438,746.06,487.51,74,0.68
ESG-00439,FM023,P00439,438.78,176.65,77,0.76
ESG-00440,FM014,P00440,845.57,285.63,95,0.9
ESG-00441,FM068,P00441,467.6,212.67,78,0.77
ESG-00442,FM005,P00442,66.49,22.65,87,0.84
ESG-00443,FM008,P00443,492.82,144.5,97,0.95
ESG-00444,FM085,P00444,1129.5,353.38,80,0.75
ESG-00445,FM090,P00445,250.58,133.06,88,0.8
ESG-00446,FM097,P00446,702.07,427.67,92,0.85
ESG-00447,FM006,P00447,1358.04,291.78,90,0.85
ESG-00448,FM030,P00448,934.9,319.1,89,0.82
ESG-00449,FM088,P00449,156.4,56.14,96,0.87
ESG-00450,FM092,P00450,389.61,203.4,87,0.81
ESG-00451,FM067,P00451,689.96,179.56,86,0.83
ESG-00452,FM087,P00452,1244.1,448.73,70,0.69
ESG-00453,FM090,P00453,168.14,55.96,91,0.9
ESG-00454,FM087,P00454,839.87,209.9,89,0.87
ESG-00455,FM078,P00455,310.93,110.53,89,0.83
ESG-00456,FM069,P00456,734.73,306.86,79,0.72
ESG-00457,FM011,P00457,1145.45,379.8,91,0.91
ESG-00458,FM062,P00458,1158.73,295.99,82,0.8
ESG-00459,FM082,P00459,451.07,215.0,73,0.67
ESG-00460,FM054,P00460,870.61,255.06,70,0.68
ESG-00461,FM030,P00461,1127.71,394.82,87,0.79
ESG-00462,FM005,P00462,365.3,117.71,78,0.78
ESG-00463,FM010,P00463,224.64,43.69,70,0.64
ESG-00464,FM035,P00464,930.73,481.72,90,0.86
ESG-00465,FM068,P00465,581.36,161.37,70,0.64
ESG-00466,FM057,P00466,932.97,476.89,73,0.66
ESG-00467,FM051,P00467,1234.45,390.74,78,0.72
ESG-00468,FM066,P00468,765.76,279.98,77,0.72
ESG-00469,FM077,P00469,641.93,186.33,71,0.65
ESG-00470,FM017,P00470,1298.28,266.35,77,0.73
ESG-00471,FM094,P00471,457.13,115.73,77,0.74
ESG-00472,FM011,P00472,1268.24,396.8,89,0.84
ESG-00473,FM063,P00473,873.36,372.97,84,0.78
ESG-00474,FM027,P00474,730.89,311.88,73,0.67
ESG-00475,FM044,P00475,717.85,211.97,94,0.94
ESG-00476,FM059,P00476,460.54,200.44,98,0.93
ESG-00477,FM039,P00477,183.93,72.69,97,0.89
ESG-00478,FM098,P00478,517.18,146.43,84,0.83
ESG-00479,FM086,P00479,391.57,251.03,84,0.81
ESG-00480,FM037,P00480,128.4,70.32,96,0.92
ESG-00481,FM072,P00481,363.89,119.89,79,0.75
ESG-00482,FM006,P00482,552.72,88.82,95,0.9
ESG-00483,FM070,P00483,116.27,25.62,78,0.73
ESG-00484,FM027,P00484,125.84,54.29,94,0.9
ESG-00485,FM019,P00485,768.51,134.58,78,0.76
ESG-00486,FM069,P00486,422.46,172.1,93,0.91
ESG-00487,FM004,P00487,1315.87,527.4,74,0.71
ESG-00488,FM005,P00488,447.21,106.05,70,0.63
ESG-00489,FM012,P00489,611.34,141.2,89,0.89
ESG-00490,FM051,P00490,72.16,20.1,71,0.65
ESG-00491,FM034,P00491,64.64,25.73,85,0.79
ESG-00492,FM022,P00492,838.33,533.22,82,0.74
ESG-00493,FM068,P00493,1632.58,299.48,75,0.68
ESG-00494,FM039,P00494,1373.56,401.59,70,0.64
ESG-00495,FM007,P00495,629.8,171.93,78,0.7
ESG-00496,FM059,P00496,70.06,20.05,78,0.75
ESG-00497,FM016,P00497,923.02,396.88,74,0.7
ESG-00498,FM095,P00498,645.35,307.44,97,0.91
ESG-00499,FM067,P00499,39.89,20.52,98,0.92
ESG-00500,FM084,P00500,524.08,201.71,73,0.67
ESG-00501,FM097,P00501,1211.13,407.2,87,0.85
ESG-00502,FM028,P00502,399.72,158.89,93,0.86
ESG-00503,FM030,P00503,396.18,227.24,94,0.87
ESG-00504,FM052,P00504,774.99,208.64,79,0.75
ESG-00505,FM077,P00505,959.93,352.27,91,0.88
ESG-00506,FM094,P00506,533.44,146.47,81,0.74
ESG-00507,FM087,P00507,46.58,22.64,81,0.81
ESG-00508,FM008,P00508,391.71,77.36,82,0.78
ESG-00509,FM025,P00509,1052.52,527.49,91,0.87
ESG-00510,FM040,P00510,214.86,53.97,75,0.68
ESG-00511,FM075,P00511,609.48,158.24,74,0.7
ESG-00512,FM012,P00512,490.37,240.9,90,0.82
ESG-00513,FM084,P00513,747.67,387.94,88,0.84
ESG-00514,FM001,P00514,447.79,146.9,87,0.81
ESG-00515,FM096,P00515,971.2,220.99,94,0.93
ESG-00516,FM008,P00516,1178.54,458.44,76,0.75
ESG-00517,FM021,P00517,580.48,177.29,78,0.77
ESG-00518,FM028,P00518,1098.73,430.46,82,0.75
ESG-00519,FM059,P00519,1536.27,279.13,77,0.7
ESG-00520,FM072,P00520,570.42,191.38,86,0.84
ESG-00521,FM013,P00521,749.55,267.33,83,0.81
ESG-00522,FM081,P00522,1187.19,410.74,77,0.73
ESG-00523,FM094,P00523,393.96,102.15,89,0.85
ESG-00524,FM074,P00524,487.79,123.79,98,0.89
ESG-00525,FM021,P00525,1342.63,373.12,87,0.81
ESG-00526,FM090,P00526,641.44,227.24,83,0.83
ESG-00527,FM088,P00527,633.11,142.69,76,0.72
ESG-00528,FM014,P00528,1015.49,298.33,98,0.96
ESG-00529,FM090,P00529,761.63,230.55,84,0.76
ESG-00530,FM043,P00530,450.75,105.73,85,0.83
ESG-00531,FM098,P00531,493.04,121.66,83,0.82
ESG-00532,FM056,P00532,888.15,237.16,86,0.82
ESG-00533,FM072,P00533,920.93,365.46,97,0.94
ESG-00534,FM064,P00534,215.12,144.51,88,0.85
ESG-00535,FM057,P00535,1032.15,319.87,79,0.72
ESG-00536,FM071,P00536,673.04,398.77,79,0.77
ESG-00537,FM065,P00537,191.25,72.72,70,0.68
ESG-00538,FM009,P00538,209.3,88.11,72,0.71
ESG-00539,FM018,P00539,59.03,22.91,88,0.81
ESG-00540,FM030,P00540,498.16,138.8,97,0.96
ESG-00541,FM058,P00541,397.57,162.35,91,0.86
ESG-00542,FM057,P00542,660.25,433.96,73,0.69
ESG-00543,FM073,P00543,656.71,269.26,91,0.86
ESG-00544,FM036,P00544,1247.68,544.92,93,0.88
ESG-00545,FM051,P00545,241.36,137.05,93,0.87
ESG-00546,FM097,P00546,386.74,64.85,78,0.73
ESG-00547,FM088,P00547,662.33,212.81,71,0.64
ESG-00548,FM078,P00548,992.82,522.2,83,0.8
ESG-00549,FM065,P00549,182.89,74.75,92,0.91
ESG-00550,FM010,P00550,1090.07,292.75,91,0.84
ESG-00551,FM048,P00551,366.47,165.65,89,0.88
ESG-00552,FM027,P00552,947.41,509.72,83,0.81
ESG-00553,FM001,P00553,576.27,228.58,90,0.9
ESG-00554,FM097,P00554,257.43,172.57,73,0.67
ESG-00555,FM028,P00555,460.72,118.64,94,0.89
ESG-00556,FM007,P00556,834.7,343.39,81,0.78
ESG-00557,FM004,P00557,1031.05,205.37,78,0.78
ESG-00558,FM040,P00558,1200.3,411.2,80,0.74
ESG-00559,FM001,P00559,539.6,185.45,84,0.78
ESG-00560,FM077,P00560,1069.86,375.92,84,0.82
ESG-00561,FM094,P00561,476.97,295.32,78,0.75
ESG-00562,FM055,P00562,541.93,192.95,81,0.73
ESG-00563,FM029,P00563,562.0,321.14,78,0.7
ESG-00564,FM050,P00564,1327.71,329.11,82,0.79
ESG-00565,FM015,P00565,201.77,97.43,75,0.68
ESG-00566,FM059,P00566,703.33,121.41,71,0.69
ESG-00567,FM014,P00567,645.28,259.26,90,0.86
ESG-00568,FM036,P00568,463.8,179.65,76,0.76
ESG-00569,FM073,P00569,1389.8,238.65,94,0.92
ESG-00570,FM072,P00570,397.48,234.23,94,0.88
ESG-00571,FM032,P00571,790.57,496.57,72,0.7
ESG-00572,FM033,P00572,433.77,130.97,88,0.84
ESG-00573,FM068,P00573,1015.4,437.58,87,0.84
ESG-00574,FM094,P00574,1077.04,359.24,95,0.89
ESG-00575,FM089,P00575,1282.36,436.21,92,0.88
ESG-00576,FM084,P00576,1713.75,277.01,77,0.75
ESG-00577,FM027,P00577,265.37,100.62,95,0.86
ESG-00578,FM087,P00578,1089.34,360.15,83,0.77
ESG-00579,FM012,P00579,596.52,190.78,81,0.79
ESG-00580,FM045,P00580,1116.55,337.2,85,0.78
ESG-00581,FM070,P00581,1103.87,396.99,80,0.77
ESG-00582,FM054,P00582,823.36,575.34,72,0.66
ESG-00583,FM003,P00583,324.7,131.68,84,0.84
ESG-00584,FM050,P00584,1227.47,349.47,83,0.8
ESG-00585,FM072,P00585,752.79,193.26,89,0.88
ESG-00586,FM034,P00586,677.39,262.77,83,0.75
ESG-00587,FM034,P00587,185.39,48.8,87,0.8
ESG-00588,FM019,P00588,200.66,91.15,91,0.82
ESG-00589,FM043,P00589,718.98,336.22,93,0.87
ESG-00590,FM086,P00590,1037.36,374.01,79,0.78
ESG-00591,FM034,P00591,244.54,103.71,86,0.83
ESG-00592,FM058,P00592,501.29,161.98,78,0.77
ESG-00593,FM016,P00593,707.79,233.11,72,0.66
ESG-00594,FM096,P00594,856.29,243.08,79,0.78
ESG-00595,FM064,P00595,1220.59,324.23,77,0.74
ESG-00596,FM033,P00596,1434.73,524.87,84,0.81
ESG-00597,FM028,P00597,946.37,183.1,78,0.76
ESG-00598,FM026,P00598,1137.07,322.52,82,0.8
ESG-00599,FM021,P00599,815.25,332.93,86,0.86
ESG-00600,FM035,P00600,337.87,175.26,98,0.92
ESG-00601,FM070,P00601,225.99,103.27,87,0.87
ESG-00602,FM048,P00602,170.26,66.92,79,0.73
ESG-00603,FM086,P00603,622.42,110.51,88,0.84
ESG-00604,FM073,P00604,417.27,175.54,93,0.89
ESG-00605,FM042,P00605,223.12,110.28,86,0.83
ESG-00606,FM054,P00606,57.22,42.22,82,0.77
ESG-00607,FM081,P00607,1530.49,325.15,85,0.81
ESG-00608,FM038,P00608,517.75,127.18,78,0.73
ESG-00609,FM028,P00609,965.65,236.47,98,0.88
ESG-00610,FM058,P00610,463.3,168.83,86,0.78
ESG-00611,FM019,P00611,217.38,69.74,93,0.87
ESG-00612,FM040,P00612,1083.73,375.76,87,0.86
ESG-00613,FM064,P00613,568.0,149.39,78,0.75
ESG-00614,FM063,P00614,710.84,134.54,89,0.83
ESG-00615,FM067,P00615,751.95,404.08,73,0.68
ESG-00616,FM041,P00616,1337.35,297.02,81,0.76
ESG-00617,FM076,P00617,1222.76,271.31,87,0.8
ESG-00618,FM079,P00618,681.07,267.81,76,0.75
ESG-00619,FM055,P00619,615.01,159.63,80,0.8
ESG-00620,FM015,P00620,204.72,42.47,74,0.72
ESG-00621,FM032,P00621,768.48,171.08,93,0.92
ESG-00622,FM086,P00622,452.6,215.75,78,0.77
ESG-00623,FM033,P00623,256.56,86.02,79,0.76
ESG-00624,FM043,P00624,1040.42,194.91,73,0.67
ESG-00625,FM075,P00625,201.89,60.53,70,0.63
ESG-00626,FM089,P00626,530.49,264.87,97,0.96
ESG-00627,FM091,P00627,1239.79,500.7,94,0.94
ESG-00628,FM020,P00628,360.37,190.73,73,0.71
ESG-00629,FM057,P00629,392.42,140.04,85,0.82
ESG-00630,FM077,P00630,63.68,23.76,85,0.79
ESG-00631,FM067,P00631,641.96,286.04,74,0.73
ESG-00632,FM024,P00632,163.32,90.3,87,0.84
ESG-00633,FM020,P00633,226.52,161.7,70,0.64
ESG-00634,FM039,P00634,748.25,316.79,93,0.86
ESG-00635,FM060,P00635,598.63,129.55,78,0.74
ESG-00636,FM091,P00636,1080.11,268.61,78,0.75
ESG-00637,FM075,P00637,1293.63,451.45,94,0.9
ESG-00638,FM020,P00638,1512.71,403.01,83,0.82
ESG-00639,FM054,P00639,1335.05,437.59,91,0.89
ESG-00640,FM013,P00640,270.98,145.45,92,0.9
ESG-00641,FM072,P00641,65.88,31.6,86,0.82
ESG-00642,FM069,P00642,1205.2,328.26,98,0.91
ESG-00643,FM004,P00643,150.69,44.23,77,0.72
ESG-00644,FM076,P00644,588.87,171.64,83,0.81
ESG-00645,FM083,P00645,602.36,233.34,72,0.69
ESG-00646,FM073,P00646,587.61,315.11,93,0.9
ESG-00647,FM050,P00647,931.3,264.56,77,0.71
ESG-00648,FM014,P00648,456.0,139.21,86,0.82
ESG-00649,FM039,P00649,839.32,462.99,75,0.75
ESG-00650,FM046,P00650,45.93,12.08,71,0.7
ESG-00651,FM093,P00651,912.21,449.45,75,0.72
ESG-00652,FM001,P00652,769.2,132.09,83,0.8
ESG-00653,FM064,P00653,1061.4,261.08,91,0.86
ESG-00654,FM036,P00654,620.73,153.27,77,0.74
ESG-00655,FM077,P00655,1422.45,301.16,79,0.76
ESG-00656,FM001,P00656,498.87,250.23,86,0.8
ESG-00657,FM078,P00657,784.26,377.32,81,0.8
ESG-00658,FM068,P00658,796.63,439.79,78,0.75
ESG-00659,FM061,P00659,498.56,255.53,97,0.9
ESG-00660,FM088,P00660,285.76,126.09,79,0.77
ESG-00661,FM075,P00661,865.39,226.02,87,0.79
ESG-00662,FM019,P00662,46.73,24.87,98,0.89
ESG-00663,FM096,P00663,130.82,33.79,74,0.72
ESG-00664,FM025,P00664,1324.58,307.14,82,0.81
ESG-00665,FM015,P00665,554.14,267.89,71,0.68
ESG-00666,FM068,P00666,222.99,114.13,90,0.84
ESG-00667,FM019,P00667,176.36,112.23,72,0.68
ESG-00668,FM006,P00668,1556.43,465.66,88,0.79
ESG-00669,FM045,P00669,1172.14,294.42,77,0.72
ESG-00670,FM080,P00670,350.51,220.08,96,0.91
ESG-00671,FM032,P00671,72.16,22.13,76,0.72
ESG-00672,FM003,P00672,723.33,272.99,74,0.73
ESG-00673,FM052,P00673,1151.01,318.77,84,0.8
ESG-00674,FM045,P00674,1177.12,273.92,92,0.86
ESG-00675,FM026,P00675,93.25,28.4,72,0.65
ESG-00676,FM064,P00676,1127.9,232.95,89,0.85
ESG-00677,FM088,P00677,517.95,184.08,84,0.79
ESG-00678,FM020,P00678,1364.6,450.94,96,0.91
ESG-00679,FM058,P00679,445.34,100.52,79,0.75
ESG-00680,FM028,P00680,89.47,22.64,83,0.79
ESG-00681,FM004,P00681,374.1,154.3,82,0.76
ESG-00682,FM020,P00682,205.21,53.95,71,0.66
ESG-00683,FM072,P00683,204.34,88.7,77,0.7
ESG-00684,FM072,P00684,207.69,83.51,84,0.77
ESG-00685,FM073,P00685,222.44,117.08,85,0.82
ESG-00686,FM043,P00686,318.09,210.04,97,0.87
ESG-00687,FM012,P00687,1170.91,407.02,95,0.95
ESG-00688,FM032,P00688,1032.36,267.09,86,0.83
ESG-00689,FM034,P00689,370.15,160.31,77,0.73
ESG-00690,FM091,P00690,1018.05,384.72,78,0.74
ESG-00691,FM068,P00691,266.66,57.83,79,0.77
ESG-00692,FM059,P00692,1511.28,297.68,91,0.82
ESG-00693,FM050,P00693,619.62,309.02,87,0.86
ESG-00694,FM017,P00694,1170.16,322.22,71,0.7
ESG-00695,FM051,P00695,617.11,194.44,89,0.81
ESG-00696,FM042,P00696,61.57,30.91,87,0.84
ESG-00697,FM010,P00697,583.04,252.87,76,0.73
ESG-00698,FM016,P00698,788.5,354.89,97,0.92
ESG-00699,FM079,P00699,165.01,71.32,84,0.79
ESG-00700,FM040,P00700,1453.04,411.02,95,0.93
ESG-00701,FM042,P00701,1274.56,214.12,86,0.79
ESG-00702,FM094,P00702,628.59,192.88,98,0.94
ESG-00703,FM081,P00703,1366.56,422.4,84,0.79
ESG-00704,FM061,P00704,84.74,26.49,91,0.9
ESG-00705,FM069,P00705,1050.59,208.38,92,0.84
ESG-00706,FM086,P00706,1667.81,560.16,87,0.81
ESG-00707,FM055,P00707,90.68,27.69,87,0.85
ESG-00708,FM029,P00708,877.93,507.96,71,0.65
ESG-00709,FM040,P00709,678.53,149.75,84,0.78
ESG-00710,FM078,P00710,369.21,106.26,84,0.78
ESG-00711,FM039,P00711,68.82,25.25,81,0.78
ESG-00712,FM097,P00712,689.51,200.86,89,0.84
ESG-00713,FM088,P00713,984.24,483.01,80,0.75
ESG-00714,FM029,P00714,290.32,193.57,91,0.82
ESG-00715,FM042,P00715,1023.72,315.22,94,0.89
ESG-00716,FM097,P00716,293.82,133.79,94,0.86
ESG-00717,FM077,P00717,751.19,136.52,81,0.81
ESG-00718,FM080,P00718,217.55,72.92,85,0.77
ESG-00719,FM092,P00719,286.78,85.67,80,0.74
ESG-00720,FM039,P00720,248.13,110.89,77,0.73
ESG-00721,FM061,P00721,352.17,107.25,70,0.64
ESG-00722,FM093,P00722,813.31,325.33,94,0.92
ESG-00723,FM093,P00723,1414.72,350.88,92,0.84
ESG-00724,FM039,P00724,428.22,108.12,82,0.75
ESG-00725,FM021,P00725,763.23,336.28,89,0.87
ESG-00726,FM063,P00726,108.6,68.63,88,0.85
ESG-00727,FM017,P00727,330.59,165.13,96,0.9
ESG-00728,FM005,P00728,803.68,524.24,70,0.64
ESG-00729,FM005,P00729,712.91,372.63,75,0.73
ESG-00730,FM088,P00730,479.72,210.99,92,0.87
ESG-00731,FM056,P00731,603.79,366.54,87,0.86
ESG-00732,FM072,P00732,1113.1,210.49,75,0.71
ESG-00733,FM071,P00733,887.36,162.01,88,0.82
ESG-00734,FM048,P00734,947.03,233.88,77,0.7
ESG-00735,FM078,P00735,901.07,357.17,89,0.87
ESG-00736,FM028,P00736,713.41,282.01,84,0.76
ESG-00737,FM067,P00737,164.61,55.3,88,0.83
ESG-00738,FM030,P00738,236.29,46.7,92,0.92
ESG-00739,FM051,P00739,748.23,175.72,96,0.95
ESG-00740,FM095,P00740,82.46,20.69,90,0.83
ESG-00741,FM079,P00741,293.25,172.24,72,0.69
ESG-00742,FM035,P00742,136.3,86.34,84,0.81
ESG-00743,FM079,P00743,366.4,126.1,92,0.85
ESG-00744,FM050,P00744,1300.31,325.87,97,0.9
ESG-00745,FM055,P00745,444.85,270.87,98,0.93
ESG-00746,FM054,P00746,762.74,222.97,78,0.7
ESG-00747,FM014,P00747,46.53,26.1,98,0.91
ESG-00748,FM062,P00748,1175.03,316.18,83,0.75
ESG-00749,FM004,P00749,842.15,205.27,72,0.65
ESG-00750,FM016,P00750,155.7,41.01,89,0.84
ESG-00751,FM007,P00751,113.79,51.74,94,0.86
ESG-00752,FM100,P00752,94.52,31.73,82,0.75
ESG-00753,FM029,P00753,537.79,206.86,90,0.86
ESG-00754,FM011,P00754,1357.68,380.69,90,0.89
ESG-00755,FM032,P00755,1114.13,332.09,92,0.91
ESG-00756,FM057,P00756,192.49,73.95,85,0.83
ESG-00757,FM061,P00757,1022.38,366.03,93,0.91
ESG-00758,FM007,P00758,231.7,94.08,70,0.67
ESG-00759,FM065,P00759,685.02,215.59,81,0.76
ESG-00760,FM065,P00760,412.94,112.17,79,0.71
ESG-00761,FM094,P00761,435.38,258.36,94,0.88
ESG-00762,FM078,P00762,603.22,179.62,89,0.88
ESG-00763,FM066,P00763,406.83,173.56,88,0.85
ESG-00764,FM056,P00764,126.27,66.26,78,0.75
ESG-00765,FM097,P00765,760.93,466.95,80,0.77
ESG-00766,FM022,P00766,631.7,133.55,90,0.9
ESG-00767,FM068,P00767,120.54,62.65,85,0.77
ESG-00768,FM021,P00768,500.76,156.62,98,0.95
ESG-00769,FM074,P00769,1117.53,380.56,78,0.76
ESG-00770,FM013,P00770,617.2,148.94,70,0.65
ESG-00771,FM054,P00771,174.86,76.4,92,0.83
ESG-00772,FM087,P00772,1035.28,321.14,74,0.69
ESG-00773,FM016,P00773,740.44,181.97,79,0.77
ESG-00774,FM040,P00774,476.3,115.83,92,0.85
ESG-00775,FM064,P00775,668.36,273.25,83,0.75
ESG-00776,FM044,P00776,789.01,200.11,79,0.72
ESG-00777,FM047,P00777,596.32,213.63,88,0.83
ESG-00778,FM065,P00778,378.06,65.49,71,0.66
ESG-00779,FM070,P00779,608.4,381.48,83,0.77
ESG-00780,FM001,P00780,412.27,288.15,77,0.71
ESG-00781,FM023,P00781,387.31,98.19,74,0.73
ESG-00782,FM013,P00782,485.94,218.92,70,0.65
ESG-00783,FM016,P00783,710.37,263.4,88,0.87
ESG-00784,FM035,P00784,1452.15,435.83,81,0.73
ESG-00785,FM056,P00785,488.12,102.05,76,0.71
ESG-00786,FM013,P00786,286.61,100.96,76,0.71
ESG-00787,FM044,P00787,354.21,93.73,87,0.83
ESG-00788,FM041,P00788,103.11,25.77,98,0.98
ESG-00789,FM093,P00789,793.43,382.49,71,0.66
ESG-00790,FM027,P00790,807.22,502.94,95,0.89
ESG-00791,FM030,P00791,929.68,429.76,91,0.82
ESG-00792,FM043,P00792,444.11,71.62,91,0.83
ESG-00793,FM069,P00793,233.52,45.29,92,0.85
ESG-00794,FM075,P00794,314.43,103.46,89,0.89
ESG-00795,FM003,P00795,1113.83,540.31,88,0.79
ESG-00796,FM055,P00796,400.15,172.82,85,0.81
ESG-00797,FM046,P00797,182.47,44.36,70,0.67
ESG-00798,FM034,P00798,329.0,185.8,89,0.87
ESG-00799,FM089,P00799,474.19,132.99,93,0.89
ESG-00800,FM024,P00800,151.36,33.23,92,0.84
ESG-00801,FM022,P00801,987.98,546.85,77,0.72
ESG-00802,FM020,P00802,982.19,235.59,79,0.78
ESG-00803,FM008,P00803,1140.05,288.21,85,0.85
ESG-00804,FM043,P00804,173.3,82.48,82,0.79
ESG-00805,FM005,P00805,1369.75,334.85,93,0.89
ESG-00806,FM033,P00806,257.06,63.04,87,0.83
ESG-00807,FM029,P00807,952.88,300.29,71,0.64
ESG-00808,FM087,P00808,835.08,300.22,70,0.67
ESG-00809,FM065,P00809,1604.44,295.04,71,0.64
ESG-00810,FM091,P00810,973.6,346.97,73,0.69
ESG-00811,FM023,P00811,688.7,280.36,96,0.89
ESG-00812,FM055,P00812,358.76,110.29,77,0.75
ESG-00813,FM002,P00813,694.26,205.79,70,0.7
ESG-00814,FM052,P00814,204.1,92.7,81,0.79
ESG-00815,FM060,P00815,652.55,391.48,81,0.8
ESG-00816,FM071,P00816,513.81,98.99,84,0.8
ESG-00817,FM032,P00817,1389.16,560.14,84,0.81
ESG-00818,FM039,P00818,1139.39,492.75,97,0.92
ESG-00819,FM062,P00819,1107.31,361.34,72,0.71
ESG-00820,FM064,P00820,311.28,111.79,91,0.83
ESG-00821,FM038,P00821,987.98,528.79,72,0.69
ESG-00822,FM059,P00822,1258.84,468.75,78,0.71
ESG-00823,FM061,P00823,62.25,15.95,76,0.73
ESG-00824,FM088,P00824,762.18,217.09,96,0.9
ESG-00825,FM082,P00825,401.01,101.17,93,0.89
ESG-00826,FM002,P00826,152.74,54.78,77,0.74
ESG-00827,FM042,P00827,260.46,76.76,77,0.76
ESG-00828,FM054,P00828,841.8,375.89,95,0.87
ESG-00829,FM020,P00829,425.11,82.05,83,0.82
ESG-00830,FM030,P00830,801.46,232.94,96,0.95
ESG-00831,FM016,P00831,348.84,113.31,77,0.77
ESG-00832,FM023,P00832,785.9,291.2,74,0.7
ESG-00833,FM062,P00833,483.52,222.99,77,0.71
ESG-00834,FM023,P00834,174.39,61.36,72,0.71
ESG-00835,FM093,P00835,345.25,121.67,80,0.72
ESG-00836,FM070,P00836,1322.17,416.39,71,0.64
ESG-00837,FM080,P00837,987.51,459.63,87,0.84
ESG-00838,FM023,P00838,226.77,68.04,79,0.73
ESG-00839,FM060,P00839,146.16,48.11,77,0.75
ESG-00840,FM080,P00840,953.5,342.88,80,0.77
ESG-00841,FM059,P00841,292.6,61.03,81,0.74
ESG-00842,FM090,P00842,108.8,58.83,91,0.84
ESG-00843,FM052,P00843,941.81,369.51,84,0.83
ESG-00844,FM028,P00844,975.37,216.85,87,0.84
ESG-00845,FM029,P00845,416.99,95.71,71,0.69
ESG-00846,FM089,P00846,569.18,160.36,77,0.75
ESG-00847,FM038,P00847,279.68,76.14,89,0.87
ESG-00848,FM004,P00848,713.49,241.81,98,0.9
ESG-00849,FM065,P00849,814.0,374.64,79,0.78
ESG-00850,FM094,P00850,144.17,51.19,95,0.93
ESG-00851,FM099,P00851,182.14,67.2,79,0.74
ESG-00852,FM009,P00852,368.57,69.77,70,0.67
ESG-00853,FM078,P00853,195.25,70.84,94,0.89
ESG-00854,FM037,P00854,544.61,365.28,96,0.93
ESG-00855,FM003,P00855,580.59,170.72,83,0.79
ESG-00856,FM065,P00856,691.0,237.8,70,0.67
ESG-00857,FM083,P00857,1340.0,523.87,87,0.84
ESG-00858,FM015,P00858,596.61,300.73,91,0.82
ESG-00859,FM003,P00859,709.82,233.35,88,0.88
ESG-00860,FM038,P00860,515.05,119.32,98,0.93
ESG-00861,FM081,P00861,1046.05,335.2,74,0.68
ESG-00862,FM096,P00862,145.99,69.51,97,0.95
ESG-00863,FM096,P00863,563.31,129.74,71,0.65
ESG-00864,FM045,P00864,511.06,98.99,73,0.71
ESG-00865,FM078,P00865,161.95,58.39,91,0.85
ESG-00866,FM100,P00866,1210.68,531.29,77,0.76
ESG-00867,FM074,P00867,468.89,100.23,94,0.93
ESG-00868,FM064,P00868,652.09,199.91,89,0.81
ESG-00869,FM090,P00869,820.45,347.81,74,0.73
ESG-00870,FM073,P00870,1145.63,596.22,81,0.8
ESG-00871,FM051,P00871,542.03,176.17,70,0.65
ESG-00872,FM081,P00872,316.75,91.92,91,0.84
ESG-00873,FM015,P00873,197.95,56.7,81,0.76
ESG-00874,FM096,P00874,550.66,135.73,77,0.77
ESG-00875,FM065,P00875,455.92,110.15,93,0.91
ESG-00876,FM086,P00876,223.4,136.95,96,0.94
ESG-00877,FM084,P00877,1429.03,524.21,90,0.85
ESG-00878,FM021,P00878,1507.6,434.39,86,0.8
ESG-00879,FM074,P00879,642.22,168.52,93,0.86
ESG-00880,FM009,P00880,1049.27,450.22,85,0.82
ESG-00881,FM090,P00881,975.79,487.96,89,0.86
ESG-00882,FM061,P00882,779.4,337.41,72,0.7
ESG-00883,FM064,P00883,815.51,274.24,91,0.83
ESG-00884,FM018,P00884,1289.31,425.87,80,0.78
ESG-00885,FM004,P00885,919.38,406.66,78,0.75
ESG-00886,FM029,P00886,430.88,218.14,84,0.82
ESG-00887,FM009,P00887,927.16,567.05,89,0.87
ESG-00888,FM048,P00888,264.48,158.38,74,0.7
ESG-00889,FM023,P00889,464.64,103.18,96,0.93
ESG-00890,FM052,P00890,583.25,306.76,97,0.91
ESG-00891,FM086,P00891,483.61,345.02,83,0.81
ESG-00892,FM073,P00892,1142.02,366.9,95,0.9
ESG-00893,FM009,P00893,196.03,82.36,74,0.73
ESG-00894,FM023,P00894,440.21,155.7,70,0.69
ESG-00895,FM015,P00895,697.31,365.24,98,0.97
ESG-00896,FM083,P00896,990.04,440.78,73,0.71
ESG-00897,FM094,P00897,79.46,30.49,70,0.65
ESG-00898,FM056,P00898,676.71,331.78,90,0.82
ESG-00899,FM018,P00899,150.43,58.28,86,0.85
ESG-00900,FM082,P00900,585.79,123.23,93,0.89
ESG-00901,FM062,P00901,64.41,11.51,86,0.84
ESG-00902,FM044,P00902,574.92,222.44,98,0.97
ESG-00903,FM028,P00903,1132.49,311.15,77,0.72
ESG-00904,FM031,P00904,770.42,264.24,76,0.74
ESG-00905,FM035,P00905,502.62,147.85,96,0.92
ESG-00906,FM055,P00906,123.15,41.57,83,0.78
ESG-00907,FM007,P00907,994.93,327.26,77,0.75
ESG-00908,FM085,P00908,808.65,486.42,86,0.86
ESG-00909,FM059,P00909,1602.49,338.3,79,0.73
ESG-00910,FM085,P00910,362.7,78.12,92,0.91
ESG-00911,FM086,P00911,1355.42,432.79,90,0.83
ESG-00912,FM056,P00912,869.49,256.09,86,0.79
ESG-00913,FM100,P00913,278.12,115.06,72,0.7
ESG-00914,FM073,P00914,919.72,246.98,79,0.72
ESG-00915,FM076,P00915,95.82,40.42,83,0.75
ESG-00916,FM078,P00916,876.96,340.16,94,0.87
ESG-00917,FM013,P00917,249.37,155.07,70,0.66
ESG-00918,FM009,P00918,842.45,293.09,70,0.64
ESG-00919,FM046,P00919,760.7,322.01,79,0.73
ESG-00920,FM033,P00920,716.87,168.6,75,0.7
ESG-00921,FM100,P00921,551.25,153.86,72,0.7
ESG-00922,FM100,P00922,89.22,31.02,80,0.77
ESG-00923,FM097,P00923,313.56,102.73,97,0.88
ESG-00924,FM004,P00924,425.56,231.0,74,0.72
ESG-00925,FM042,P00925,583.93,189.93,92,0.85
ESG-00926,FM008,P00926,707.66,412.97,97,0.89
ESG-00927,FM062,P00927,1116.78,542.75,78,0.76
ESG-00928,FM022,P00928,464.44,80.96,93,0.85
ESG-00929,FM080,P00929,291.28,178.39,83,0.82
ESG-00930,FM026,P00930,114.95,19.61,93,0.9
ESG-00931,FM089,P00931,363.23,98.56,73,0.66
ESG-00932,FM096,P00932,1180.43,270.66,79,0.72
ESG-00933,FM011,P00933,765.62,211.36,81,0.76
ESG-00934,FM061,P00934,278.49,69.04,82,0.81
ESG-00935,FM038,P00935,666.36,212.79,96,0.91
ESG-00936,FM052,P00936,612.05,295.56,95,0.86
ESG-00937,FM037,P00937,1279.14,571.04,89,0.86
ESG-00938,FM085,P00938,780.39,438.73,83,0.81
ESG-00939,FM039,P00939,935.51,436.44,87,0.78
ESG-00940,FM026,P00940,648.98,165.33,76,0.7
ESG-00941,FM085,P00941,516.67,382.34,72,0.68
ESG-00942,FM066,P00942,513.24,104.89,97,0.94
ESG-00943,FM046,P00943,683.65,210.7,86,0.84
ESG-00944,FM044,P00944,539.34,234.44,96,0.95
ESG-00945,FM096,P00945,105.73,19.74,77,0.69
ESG-00946,FM049,P00946,117.35,34.06,90,0.83
ESG-00947,FM065,P00947,738.81,160.05,82,0.77
ESG-00948,FM024,P00948,585.58,165.28,82,0.8
ESG-00949,FM025,P00949,573.53,156.23,80,0.77
ESG-00950,FM050,P00950,749.25,191.81,82,0.81
ESG-00951,FM025,P00951,520.07,332.44,89,0.86
ESG-00952,FM030,P00952,289.41,74.88,76,0.74
ESG-00953,FM005,P00953,913.07,211.18,81,0.8
ESG-00954,FM024,P00954,823.69,297.09,86,0.79
ESG-00955,FM054,P00955,447.24,274.12,83,0.81
ESG-00956,FM047,P00956,789.02,252.32,79,0.74
ESG-00957,FM051,P00957,1095.48,206.67,98,0.95
ESG-00958,FM030,P00958,834.08,454.83,80,0.75
ESG-00959,FM024,P00959,159.17,34.12,77,0.7
ESG-00960,FM029,P00960,660.97,409.46,76,0.71
ESG-00961,FM099,P00961,1130.96,496.41,98,0.9
ESG-00962,FM053,P00962,895.7,296.75,70,0.69
ESG-00963,FM077,P00963,1200.34,373.42,97,0.94
ESG-00964,FM038,P00964,266.54,123.21,78,0.75
ESG-00965,FM050,P00965,929.04,312.85,86,0.79
ESG-00966,FM048,P00966,417.82,103.0,75,0.75
ESG-00967,FM067,P00967,881.38,189.04,70,0.68
ESG-00968,FM094,P00968,413.5,235.13,81,0.74
ESG-00969,FM015,P00969,885.51,305.23,79,0.73
ESG-00970,FM064,P00970,522.9,158.52,89,0.86
ESG-00971,FM023,P00971,645.38,223.87,80,0.77
ESG-00972,FM028,P00972,1418.14,504.22,70,0.69
ESG-00973,FM012,P00973,298.95,93.86,75,0.71
ESG-00974,FM082,P00974,800.9,338.13,73,0.69
ESG-00975,FM012,P00975,714.77,391.94,91,0.85
ESG-00976,FM090,P00976,542.46,282.05,90,0.89
ESG-00977,FM020,P00977,1566.09,518.33,77,0.74
ESG-00978,FM056,P00978,748.93,234.84,96,0.88
ESG-00979,FM096,P00979,537.1,164.15,94,0.87
ESG-00980,FM015,P00980,835.74,195.25,95,0.93
ESG-00981,FM088,P00981,522.26,141.94,75,0.68
ESG-00982,FM008,P00982,388.85,123.08,82,0.8
ESG-00983,FM028,P00983,1433.02,482.02,97,0.92
ESG-00984,FM062,P00984,338.79,95.1,97,0.95
ESG-00985,FM044,P00985,937.74,200.34,91,0.84
ESG-00986,FM086,P00986,708.52,238.75,70,0.69
ESG-00987,FM029,P00987,157.74,45.12,81,0.76
ESG-00988,FM003,P00988,744.2,124.33,82,0.78
ESG-00989,FM037,P00989,483.14,291.54,72,0.67
ESG-00990,FM099,P00990,456.33,79.11,84,0.81
ESG-00991,FM088,P00991,305.0,107.48,79,0.75
ESG-00992,FM054,P00992,192.0,96.45,82,0.74
ESG-00993,FM037,P00993,887.18,205.2,76,0.73
ESG-00994,FM082,P00994,285.02,75.26,87,0.84
ESG-00995,FM030,P00995,752.62,480.4,89,0.85
ESG-00996,FM019,P00996,611.58,295.22,80,0.74
ESG-00997,FM084,P00997,805.83,427.2,77,0.74
ESG-00998,FM086,P00998,44.66,14.82,84,0.8
ESG-00999,FM006,P00999,777.7,429.65,83,0.81
ESG-01000,FM007,P01000,744.96,250.16,89,0.83
